B,G,R,Label
185,0,53,Blue
238,226,248,White
15,23,27,Black
17,18,235,Red
114,0,110,Purple
6,255,223,Yellow
0,246,246,Yellow
110,15,87,Indigo
16,14,243,Red
13,220,219,Yellow
144,14,108,Purple
0,192,0,Green
114,0,117,Purple
136,0,125,Purple
25,202,4,Green
0,243,48,Green
148,16,116,Purple
134,19,63,Indigo
0,255,221,Yellow
252,42,18,Blue
8,2,27,Black
230,244,230,White
128,7,81,Indigo
16,220,3,Green
111,0,60,Indigo
24,21,27,Black
27,122,255,Orange
226,20,15,Blue
23,6,17,Black
14,255,43,Green
227,234,233,White
148,0,136,Purple
0,255,255,Yellow
5,11,20,Black
5,2,241,Red
212,112,215,Violet
142,0,63,Indigo
14,11,234,Red
14,18,13,Black
221,97,185,Violet
253,251,238,White
26,1,3,Black
231,234,249,White
226,42,42,Blue
40,233,236,Yellow
138,19,81,Indigo
148,20,146,Purple
1,17,18,Black
238,244,252,White
244,249,229,White
127,10,73,Indigo
242,233,244,White
246,254,225,White
119,0,91,Indigo
8,19,27,Black
42,253,13,Green
241,230,244,White
34,216,221,Yellow
201,111,215,Violet
111,0,72,Indigo
255,0,19,Blue
8,13,241,Red
255,24,9,Blue
246,236,243,White
3,12,241,Red
11,13,20,Black
22,30,14,Black
8,158,239,Orange
23,255,0,Green
18,0,25,Black
228,251,252,White
0,154,247,Orange
0,236,220,Yellow
15,22,9,Black
246,238,243,White
111,14,123,Purple
243,235,230,White
5,19,238,Red
248,248,255,White
8,6,253,Red
5,248,217,Yellow
203,116,215,Violet
7,3,247,Red
123,0,146,Purple
8,210,255,Yellow
1,251,1,Green
130,0,123,Purple
246,2,11,Blue
255,249,244,White
16,17,30,Black
242,234,235,White
0,216,24,Green
228,253,255,White
1,18,3,Black
236,57,16,Blue
189,35,57,Blue
16,232,237,Yellow
221,93,216,Violet
200,89,199,Violet
0,247,253,Yellow
209,4,59,Blue
16,5,246,Red
0,255,255,Yellow
16,1,21,Black
0,8,254,Red
199,17,0,Blue
242,0,0,Blue
9,159,255,Orange
239,55,57,Blue
10,136,254,Orange
199,18,13,Blue
14,12,234,Red
3,222,9,Green
126,0,82,Indigo
3,2,255,Red
148,0,145,Purple
0,207,29,Green
1,10,255,Red
29,2,6,Black
7,126,255,Orange
196,42,2,Blue
60,204,0,Green
6,27,11,Black
242,226,231,White
127,0,136,Purple
1,148,255,Orange
255,251,249,White
3,7,18,Black
0,191,30,Green
10,3,253,Red
0,235,255,Yellow
111,12,87,Indigo
26,210,12,Green
24,255,238,Yellow
112,14,142,Purple
9,127,255,Orange
7,3,240,Red
3,231,21,Green
9,25,8,Black
24,149,255,Orange
26,8,9,Black
140,0,57,Indigo
20,20,244,Red
26,252,31,Green
235,242,237,White
18,20,241,Red
246,225,255,White
12,138,255,Orange
123,0,68,Indigo
17,16,3,Black
29,146,235,Orange
0,223,0,Green
1,12,237,Red
15,127,243,Orange
128,0,76,Indigo
12,19,246,Red
118,0,128,Purple
216,102,204,Violet
33,218,30,Green
232,93,203,Violet
150,0,68,Indigo
249,0,52,Blue
0,231,0,Green
194,23,29,Blue
0,244,255,Yellow
228,230,233,White
15,8,237,Red
0,219,243,Yellow
242,230,251,White
140,0,135,Purple
3,20,238,Red
0,250,251,Yellow
147,0,81,Indigo
13,125,255,Orange
232,82,191,Violet
0,153,255,Orange
214,0,36,Blue
41,221,19,Green
9,251,55,Green
214,106,212,Violet
29,226,255,Yellow
136,0,117,Purple
0,208,36,Green
0,242,226,Yellow
20,13,12,Black
228,244,234,White
28,213,255,Yellow
9,214,236,Yellow
18,255,246,Yellow
239,93,185,Violet
30,252,28,Green
250,47,1,Blue
0,240,212,Yellow
232,244,227,White
29,235,0,Green
212,113,180,Violet
6,11,246,Red
45,188,45,Green
0,250,0,Green
125,0,129,Purple
137,0,79,Indigo
120,15,119,Purple
251,244,230,White
11,11,239,Red
8,121,245,Orange
6,150,255,Orange
0,5,240,Red
135,0,142,Purple
111,0,115,Purple
13,182,18,Green
0,220,255,Yellow
229,232,242,White
13,5,236,Red
115,8,70,Indigo
12,11,232,Red
122,4,63,Indigo
16,216,255,Yellow
36,237,39,Green
14,18,1,Black
31,224,229,Yellow
27,122,255,Orange
12,124,252,Orange
9,232,228,Yellow
0,233,233,Yellow
6,8,250,Red
9,6,253,Red
209,0,38,Blue
0,211,226,Yellow
2,17,249,Red
237,239,228,White
235,19,0,Blue
241,237,245,White
22,8,20,Black
0,135,237,Orange
19,13,7,Black
20,13,237,Red
116,6,86,Indigo
14,3,22,Black
184,23,3,Blue
213,81,196,Violet
239,244,246,White
250,225,247,White
1,159,244,Orange
3,13,237,Red
202,104,183,Violet
11,120,242,Orange
244,248,240,White
247,230,250,White
19,12,240,Red
19,1,233,Red
149,9,83,Indigo
55,249,52,Green
235,247,244,White
115,12,63,Indigo
14,14,230,Red
149,0,78,Indigo
234,244,233,White
17,0,233,Red
244,29,22,Blue
20,25,29,Black
0,255,227,Yellow
48,209,20,Green
228,231,236,White
206,108,193,Violet
5,27,12,Black
12,20,231,Red
131,3,85,Indigo
19,3,230,Red
0,223,236,Yellow
5,18,238,Red
234,253,226,White
120,8,62,Indigo
116,1,88,Indigo
8,10,7,Black
195,5,38,Blue
2,18,4,Black
128,1,69,Indigo
20,16,235,Red
140,0,57,Indigo
0,255,244,Yellow
56,230,58,Green
253,46,42,Blue
6,219,0,Green
0,243,246,Yellow
28,235,242,Yellow
229,240,227,White
17,2,231,Red
126,0,110,Purple
238,255,237,White
232,255,244,White
10,5,250,Red
240,246,238,White
217,16,34,Blue
227,245,231,White
52,245,33,Green
11,5,230,Red
14,216,236,Yellow
232,249,255,White
205,0,0,Blue
13,1,238,Red
13,22,5,Black
10,0,255,Red
229,114,209,Violet
3,0,20,Black
114,2,82,Indigo
18,15,240,Red
138,15,143,Purple
18,152,241,Orange
125,0,61,Indigo
248,226,249,White
28,144,255,Orange
15,19,240,Red
1,11,244,Red
2,218,255,Yellow
232,81,211,Violet
17,11,241,Red
241,244,248,White
6,6,235,Red
59,241,3,Green
36,244,0,Green
14,4,232,Red
15,229,233,Yellow
249,236,236,White
6,2,247,Red
245,0,51,Blue
250,243,249,White
253,243,231,White
188,23,0,Blue
0,237,35,Green
182,45,16,Blue
112,0,71,Indigo
0,186,50,Green
111,12,124,Purple
135,6,138,Purple
243,8,52,Blue
11,248,255,Yellow
32,255,40,Green
0,218,210,Yellow
9,17,238,Red
20,132,255,Orange
27,214,0,Green
7,2,244,Red
16,223,38,Green
237,17,41,Blue
223,112,197,Violet
224,82,214,Violet
214,0,30,Blue
25,121,255,Orange
205,0,43,Blue
253,254,230,White
0,26,15,Black
229,2,21,Blue
206,40,46,Blue
23,126,255,Orange
246,255,247,White
1,183,35,Green
248,254,226,White
2,6,4,Black
113,2,63,Indigo
26,13,3,Black
10,190,0,Green
227,113,192,Violet
0,245,215,Yellow
203,18,48,Blue
137,0,68,Indigo
238,239,238,White
198,0,13,Blue
0,223,255,Yellow
135,15,91,Indigo
0,132,255,Orange
20,138,255,Orange
188,53,8,Blue
0,194,4,Green
27,11,25,Black
0,136,241,Orange
141,14,141,Purple
18,2,234,Red
236,253,250,White
10,21,19,Black
128,2,89,Indigo
17,1,232,Red
236,8,9,Blue
131,20,62,Indigo
0,135,246,Orange
238,250,250,White
231,244,238,White
39,215,22,Green
8,18,241,Red
4,23,16,Black
8,16,234,Red
6,255,228,Yellow
14,10,6,Black
225,226,244,White
220,0,0,Blue
225,99,190,Violet
227,51,0,Blue
1,8,233,Red
0,239,246,Yellow
29,22,25,Black
14,14,231,Red
222,41,0,Blue
47,193,60,Green
228,239,230,White
248,37,3,Blue
4,16,244,Red
17,243,49,Green
146,11,124,Purple
243,226,246,White
146,0,85,Indigo
15,13,230,Red
227,97,218,Violet
0,222,225,Yellow
112,0,110,Purple
0,245,255,Yellow
123,0,77,Indigo
228,229,242,White
229,242,253,White
24,236,54,Green
242,242,248,White
6,14,233,Red
10,29,26,Black
0,255,253,Yellow
211,36,0,Blue
9,8,2,Black
226,232,238,White
0,218,226,Yellow
150,6,89,Indigo
26,10,4,Black
10,5,18,Black
244,225,227,White
228,26,38,Blue
1,121,255,Orange
148,1,137,Purple
114,0,78,Indigo
49,208,0,Green
7,149,242,Orange
141,16,143,Purple
216,113,183,Violet
254,232,241,White
29,182,21,Green
230,238,255,White
28,6,19,Black
0,7,236,Red
14,16,245,Red
0,251,213,Yellow
234,99,189,Violet
16,29,5,Black
255,234,246,White
9,1,251,Red
193,4,32,Blue
27,15,4,Black
25,237,255,Yellow
196,16,41,Blue
8,233,0,Green
30,29,18,Black
237,235,243,White
119,0,145,Purple
13,5,12,Black
239,82,186,Violet
13,4,26,Black
0,220,55,Green
39,225,29,Green
2,6,245,Red
242,236,250,White
0,148,249,Orange
226,232,230,White
208,112,210,Violet
109,8,131,Purple
2,5,255,Red
0,210,246,Yellow
255,20,24,Blue
10,27,17,Black
2,5,255,Red
4,12,231,Red
17,3,246,Red
23,22,14,Black
30,26,5,Black
255,27,36,Blue
18,13,245,Red
116,20,140,Purple
28,14,19,Black
23,0,9,Black
11,206,24,Green
203,80,220,Violet
19,20,244,Red
114,0,72,Indigo
5,219,222,Yellow
2,18,28,Black
203,0,25,Blue
47,250,46,Green
237,248,235,White
2,211,255,Yellow
201,0,33,Blue
40,255,225,Yellow
225,31,28,Blue
25,155,255,Orange
0,238,56,Green
1,0,255,Red
228,114,194,Violet
1,255,214,Yellow
13,3,240,Red
10,5,232,Red
1,238,237,Yellow
1,4,5,Black
232,251,236,White
26,24,30,Black
53,205,0,Green
252,247,241,White
14,4,3,Black
240,240,226,White
3,13,232,Red
236,251,243,White
226,251,230,White
112,0,131,Purple
0,15,30,Black
240,34,44,Blue
251,254,240,White
135,16,122,Purple
19,13,243,Red
4,221,43,Green
18,121,255,Orange
243,244,246,White
207,0,3,Blue
10,14,230,Red
0,148,242,Orange
6,7,238,Red
1,4,7,Black
15,16,28,Black
148,1,68,Indigo
38,247,12,Green
26,15,25,Black
111,19,65,Indigo
232,95,220,Violet
14,223,241,Yellow
209,103,186,Violet
229,87,207,Violet
201,56,0,Blue
22,145,255,Orange
3,3,7,Black
210,21,0,Blue
235,234,251,White
14,159,255,Orange
19,227,36,Green
0,239,255,Yellow
1,4,245,Red
14,136,255,Orange
211,24,37,Blue
237,251,255,White
0,7,246,Red
0,190,6,Green
135,0,93,Indigo
8,22,14,Black
195,0,0,Blue
0,241,238,Yellow
15,27,30,Black
242,58,17,Blue
225,120,195,Violet
52,225,16,Green
27,136,255,Orange
12,5,5,Black
8,4,252,Red
36,224,234,Yellow
242,0,50,Blue
131,0,144,Purple
218,118,214,Violet
233,247,236,White
255,240,234,White
30,17,0,Black
140,14,132,Purple
229,251,233,White
3,131,255,Orange
244,235,246,White
240,89,219,Violet
5,16,6,Black
15,9,26,Black
197,49,28,Blue
245,246,248,White
124,0,87,Indigo
238,102,202,Violet
228,233,249,White
248,60,23,Blue
141,0,144,Purple
43,211,19,Green
201,101,211,Violet
225,238,233,White
237,110,195,Violet
215,109,182,Violet
200,80,210,Violet
212,90,211,Violet
13,12,231,Red
16,147,255,Orange
248,226,255,White
130,0,148,Purple
255,253,246,White
147,0,114,Purple
237,120,191,Violet
115,19,110,Purple
12,146,255,Orange
2,253,210,Yellow
24,233,216,Yellow
123,0,82,Indigo
244,40,34,Blue
0,123,252,Orange
140,19,72,Indigo
238,234,232,White
245,237,250,White
3,225,245,Yellow
209,120,196,Violet
14,139,255,Orange
236,57,35,Blue
0,7,26,Black
225,243,255,White
28,16,20,Black
32,228,248,Yellow
220,81,182,Violet
3,130,245,Orange
26,16,0,Black
126,0,133,Purple
116,0,72,Indigo
0,146,255,Orange
20,245,30,Green
14,12,237,Red
147,0,127,Purple
0,243,255,Yellow
18,134,255,Orange
0,17,238,Red
0,131,242,Orange
6,243,255,Yellow
229,235,244,White
15,255,255,Yellow
12,13,237,Red
7,152,255,Orange
0,212,0,Green
199,0,56,Blue
17,137,237,Orange
109,17,138,Purple
239,0,17,Blue
20,28,27,Black
146,13,117,Purple
7,16,243,Red
4,18,244,Red
18,25,19,Black
0,182,34,Green
2,2,238,Red
24,18,3,Black
5,19,244,Red
115,16,85,Indigo
17,146,248,Orange
20,180,0,Green
10,1,255,Red
3,0,253,Red
59,180,51,Green
20,24,24,Black
14,255,23,Green
255,16,0,Blue
135,7,87,Indigo
131,5,144,Purple
119,18,59,Indigo
16,23,17,Black
140,14,122,Purple
0,157,255,Orange
198,6,14,Blue
1,30,25,Black
240,254,242,White
119,8,79,Indigo
0,227,255,Yellow
142,20,131,Purple
233,108,204,Violet
209,24,57,Blue
4,137,248,Orange
18,229,248,Yellow
15,9,250,Red
239,241,236,White
28,1,16,Black
232,237,238,White
112,0,140,Purple
0,138,255,Orange
1,19,233,Red
233,242,240,White
200,106,202,Violet
248,232,246,White
130,7,144,Purple
0,146,255,Orange
18,13,20,Black
28,146,255,Orange
27,4,18,Black
7,191,21,Green
39,248,243,Yellow
146,5,109,Purple
129,20,108,Purple
14,143,235,Orange
14,9,25,Black
239,244,228,White
1,18,240,Red
5,24,12,Black
135,0,121,Purple
246,31,29,Blue
21,147,255,Orange
0,241,60,Green
13,8,239,Red
217,18,55,Blue
11,202,0,Green
183,52,58,Blue
235,247,252,White
227,237,248,White
200,19,36,Blue
229,234,241,White
246,39,56,Blue
19,28,28,Black
15,121,250,Orange
118,2,91,Indigo
2,154,255,Orange
236,93,193,Violet
1,2,255,Red
109,15,126,Purple
32,246,253,Yellow
5,5,238,Red
14,23,3,Black
144,0,75,Indigo
0,234,255,Yellow
228,250,233,White
7,15,247,Red
206,0,0,Blue
20,157,248,Orange
0,231,229,Yellow
23,9,30,Black
231,105,217,Violet
137,0,109,Purple
231,240,249,White
143,11,78,Indigo
11,13,244,Red
227,238,248,White
140,0,75,Indigo
227,252,241,White
39,239,4,Green
17,10,12,Black
191,34,0,Blue
147,0,91,Indigo
15,255,225,Yellow
236,253,232,White
4,233,255,Yellow
2,8,250,Red
30,10,2,Black
17,225,226,Yellow
190,0,0,Blue
16,26,17,Black
1,15,3,Black
8,130,255,Orange
20,142,252,Orange
128,0,68,Indigo
120,0,89,Indigo
48,254,56,Green
10,18,246,Red
0,134,238,Orange
3,3,235,Red
42,206,52,Green
6,1,255,Red
126,14,57,Indigo
129,0,68,Indigo
212,31,0,Blue
4,5,255,Red
243,227,226,White
19,1,29,Black
233,19,53,Blue
28,224,236,Yellow
6,17,250,Red
13,153,255,Orange
129,0,146,Purple
0,242,48,Green
18,12,240,Red
208,108,220,Violet
16,158,255,Orange
226,14,31,Blue
10,142,238,Orange
16,3,5,Black
25,141,255,Orange
17,3,230,Red
24,27,10,Black
124,7,125,Purple
5,128,255,Orange
17,4,240,Red
243,241,226,White
234,100,207,Violet
184,48,54,Blue
11,133,241,Orange
27,147,252,Orange
227,28,17,Blue
231,82,202,Violet
3,18,20,Black
31,236,0,Green
123,1,128,Purple
205,32,0,Blue
17,4,230,Red
0,155,255,Orange
238,90,207,Violet
14,18,236,Red
28,222,15,Green
114,7,92,Indigo
41,193,0,Green
136,0,83,Indigo
0,218,49,Green
224,92,210,Violet
30,22,14,Black
10,158,249,Orange
230,238,241,White
229,12,51,Blue
146,17,89,Indigo
0,143,236,Orange
210,20,19,Blue
133,0,134,Purple
255,58,0,Blue
232,86,181,Violet
13,208,33,Green
16,11,19,Black
30,128,237,Orange
24,5,9,Black
15,239,0,Green
0,160,243,Orange
28,2,15,Black
25,4,16,Black
234,246,244,White
4,157,237,Orange
0,186,57,Green
145,0,82,Indigo
13,15,231,Red
249,236,237,White
1,18,240,Red
113,11,84,Indigo
4,23,9,Black
0,219,218,Yellow
26,183,0,Green
8,189,0,Green
193,0,0,Blue
14,27,30,Black
147,0,84,Indigo
232,251,233,White
15,16,247,Red
28,255,214,Yellow
12,142,251,Orange
6,8,255,Red
18,8,234,Red
127,0,116,Purple
4,15,237,Red
22,125,252,Orange
234,86,218,Violet
217,15,36,Blue
204,3,47,Blue
235,237,231,White
10,7,242,Red
6,7,24,Black
241,231,242,White
136,0,146,Purple
57,238,58,Green
55,195,0,Green
0,12,6,Black
115,0,89,Indigo
3,216,220,Yellow
12,129,247,Orange
130,0,147,Purple
146,0,89,Indigo
113,13,57,Indigo
4,8,236,Red
0,126,240,Orange
6,134,244,Orange
25,227,4,Green
8,239,0,Green
233,85,202,Violet
0,248,21,Green
189,0,24,Blue
0,255,243,Yellow
237,237,236,White
11,10,239,Red
24,15,27,Black
246,232,248,White
27,127,255,Orange
58,197,32,Green
252,25,33,Blue
21,242,255,Yellow
203,46,35,Blue
112,0,109,Purple
2,145,236,Orange
0,207,9,Green
0,128,255,Orange
248,8,40,Blue
39,202,9,Green
247,243,225,White
8,3,232,Red
0,255,217,Yellow
132,8,83,Indigo
2,9,246,Red
204,0,0,Blue
120,0,139,Purple
237,118,185,Violet
212,117,194,Violet
12,11,242,Red
30,240,238,Yellow
252,237,241,White
226,255,245,White
9,1,250,Red
136,11,68,Indigo
3,8,253,Red
5,16,23,Black
109,0,110,Purple
28,8,7,Black
4,8,238,Red
215,117,208,Violet
5,13,18,Black
207,101,188,Violet
132,16,143,Purple
9,17,249,Red
132,7,86,Indigo
8,237,255,Yellow
218,16,0,Blue
17,26,25,Black
221,0,28,Blue
0,226,251,Yellow
227,247,244,White
120,0,141,Purple
145,0,133,Purple
0,221,53,Green
148,10,88,Indigo
1,30,30,Black
237,0,0,Blue
233,43,29,Blue
225,228,255,White
0,153,255,Orange
254,0,31,Blue
5,12,238,Red
3,220,255,Yellow
30,23,19,Black
18,24,24,Black
27,181,14,Green
204,98,202,Violet
6,3,255,Red
28,246,255,Yellow
3,3,236,Red
189,0,0,Blue
0,216,224,Yellow
20,132,255,Orange
0,255,255,Yellow
141,16,111,Purple
20,29,16,Black
12,153,249,Orange
0,255,223,Yellow
143,20,84,Indigo
9,121,238,Orange
2,3,12,Black
208,100,193,Violet
12,1,238,Red
29,160,255,Orange
34,214,224,Yellow
127,1,134,Purple
122,11,79,Indigo
12,246,23,Green
19,240,231,Yellow
246,229,226,White
112,0,144,Purple
5,7,255,Red
188,29,32,Blue
253,237,251,White
223,82,220,Violet
16,4,243,Red
0,147,242,Orange
246,30,19,Blue
1,13,10,Black
31,196,25,Green
140,0,79,Indigo
216,0,9,Blue
30,136,255,Orange
240,5,54,Blue
119,0,61,Indigo
4,20,243,Red
7,16,8,Black
139,0,69,Indigo
149,15,91,Indigo
18,140,255,Orange
7,143,252,Orange
232,27,7,Blue
240,242,236,White
21,138,252,Orange
209,113,207,Violet
5,255,245,Yellow
139,1,127,Purple
8,11,11,Black
2,7,30,Black
13,154,240,Orange
126,0,132,Purple
9,212,249,Yellow
234,243,247,White
248,231,238,White
8,13,29,Black
36,252,255,Yellow
244,247,234,White
114,7,148,Purple
22,9,28,Black
239,235,232,White
231,33,59,Blue
13,136,255,Orange
2,0,250,Red
220,111,210,Violet
148,13,92,Indigo
32,186,0,Green
237,236,241,White
234,251,230,White
24,241,10,Green
27,194,0,Green
22,21,16,Black
7,7,233,Red
22,6,8,Black
19,11,230,Red
9,29,0,Black
180,55,41,Blue
226,232,255,White
40,247,0,Green
0,252,227,Yellow
9,29,3,Black
119,0,127,Purple
1,6,240,Red
13,8,232,Red
133,20,133,Purple
10,3,251,Red
0,255,255,Yellow
125,0,77,Indigo
255,33,10,Blue
6,14,21,Black
147,11,59,Indigo
25,184,0,Green
18,12,26,Black
20,9,246,Red
148,20,76,Indigo
141,12,113,Purple
37,233,43,Green
221,0,58,Blue
229,226,252,White
19,20,27,Black
7,10,235,Red
17,151,244,Orange
255,233,229,White
10,6,0,Black
241,225,251,White
0,230,249,Yellow
26,184,25,Green
2,16,242,Red
219,55,58,Blue
6,14,232,Red
15,20,241,Red
235,254,245,White
206,0,0,Blue
222,82,209,Violet
142,0,78,Indigo
245,228,235,White
255,227,243,White
1,8,1,Black
19,9,236,Red
22,1,25,Black
139,17,82,Indigo
136,0,139,Purple
24,5,5,Black
8,24,19,Black
11,9,239,Red
120,8,80,Indigo
202,84,206,Violet
249,254,234,White
228,240,232,White
237,232,247,White
13,237,36,Green
111,0,62,Indigo
19,17,243,Red
12,242,255,Yellow
244,246,243,White
205,101,219,Violet
114,0,121,Purple
254,238,232,White
254,226,248,White
13,0,237,Red
46,255,42,Green
231,242,227,White
187,21,49,Blue
0,141,255,Orange
235,245,239,White
39,200,7,Green
16,133,243,Orange
242,230,225,White
34,254,255,Yellow
251,250,233,White
225,251,235,White
140,10,74,Indigo
220,102,206,Violet
137,0,145,Purple
210,98,219,Violet
115,0,134,Purple
16,5,7,Black
19,158,252,Orange
234,117,201,Violet
248,233,251,White
17,2,237,Red
225,248,231,White
17,190,25,Green
19,156,255,Orange
10,221,58,Green
21,7,18,Black
5,5,19,Black
138,0,63,Indigo
227,113,185,Violet
233,23,12,Blue
11,234,16,Green
255,0,14,Blue
15,25,0,Black
36,226,253,Yellow
20,11,246,Red
29,30,18,Black
2,2,248,Red
0,123,246,Orange
254,243,255,White
18,130,255,Orange
204,114,209,Violet
237,238,228,White
6,5,255,Red
150,0,65,Indigo
126,0,55,Indigo
241,236,239,White
0,130,255,Orange
255,46,42,Blue
188,0,0,Blue
145,0,89,Indigo
12,230,7,Green
6,143,255,Orange
209,81,190,Violet
132,8,126,Purple
11,25,24,Black
241,252,242,White
1,131,235,Orange
118,5,135,Purple
0,233,231,Yellow
147,5,110,Purple
18,155,251,Orange
232,108,219,Violet
234,238,249,White
207,110,208,Violet
111,3,116,Purple
14,223,249,Yellow
18,213,234,Yellow
2,7,238,Red
247,244,243,White
150,1,65,Indigo
229,89,212,Violet
10,5,254,Red
133,4,95,Indigo
238,249,255,White
2,3,248,Red
22,212,59,Green
229,248,236,White
22,0,0,Black
15,16,244,Red
255,252,234,White
40,236,24,Green
218,87,192,Violet
16,211,222,Yellow
13,239,255,Yellow
113,0,115,Purple
3,158,250,Orange
120,15,115,Purple
23,183,52,Green
227,94,201,Violet
7,8,230,Red
135,0,127,Purple
223,105,213,Violet
117,10,113,Purple
235,227,228,White
225,60,48,Blue
136,0,78,Indigo
112,7,120,Purple
11,159,247,Orange
242,251,234,White
34,221,211,Yellow
200,90,214,Violet
232,55,0,Blue
1,7,235,Red
4,5,246,Red
130,0,109,Purple
227,81,206,Violet
6,4,23,Black
6,12,5,Black
14,0,248,Red
143,17,88,Indigo
181,25,34,Blue
238,240,253,White
120,10,143,Purple
5,6,255,Red
14,16,233,Red
8,123,238,Orange
234,109,218,Violet
26,26,19,Black
30,144,245,Orange
3,255,236,Yellow
10,251,242,Yellow
205,116,209,Violet
253,236,230,White
252,0,23,Blue
18,249,215,Yellow
238,5,28,Blue
4,139,247,Orange
203,117,212,Violet
208,95,216,Violet
12,12,235,Red
11,2,19,Black
244,225,228,White
185,55,16,Blue
237,225,230,White
223,0,22,Blue
26,136,247,Orange
0,151,244,Orange
10,24,6,Black
1,224,8,Green
203,12,30,Blue
139,5,146,Purple
0,230,225,Yellow
247,244,228,White
0,233,227,Yellow
13,0,15,Black
8,10,252,Red
19,29,4,Black
193,42,14,Blue
247,236,242,White
123,7,90,Indigo
38,237,255,Yellow
0,199,0,Green
130,0,59,Indigo
21,188,0,Green
244,236,225,White
145,0,120,Purple
210,88,191,Violet
3,12,240,Red
8,251,247,Yellow
209,50,2,Blue
28,141,255,Orange
12,18,29,Black
0,26,8,Black
126,0,129,Purple
23,2,21,Black
25,255,0,Green
222,17,54,Blue
134,3,109,Purple
12,219,23,Green
232,0,51,Blue
33,215,0,Green
118,0,81,Indigo
11,241,226,Yellow
134,0,125,Purple
250,242,252,White
10,124,255,Orange
133,9,139,Purple
240,225,253,White
222,1,53,Blue
19,0,246,Red
148,0,110,Purple
123,0,56,Indigo
14,15,5,Black
205,50,59,Blue
218,97,202,Violet
118,11,56,Indigo
10,139,244,Orange
13,17,233,Red
223,86,192,Violet
233,97,216,Violet
141,15,79,Indigo
2,160,249,Orange
7,122,255,Orange
19,19,236,Red
11,6,247,Red
56,223,56,Green
216,23,14,Blue
129,0,126,Purple
253,246,246,White
238,111,210,Violet
46,180,40,Green
254,237,249,White
237,107,181,Violet
34,243,248,Yellow
14,2,238,Red
15,9,249,Red
233,24,0,Blue
147,0,87,Indigo
12,4,234,Red
19,10,249,Red
141,0,67,Indigo
239,251,255,White
0,224,237,Yellow
244,252,228,White
0,235,49,Green
1,4,253,Red
0,255,212,Yellow
111,0,55,Indigo
243,230,246,White
201,3,0,Blue
215,96,184,Violet
31,211,255,Yellow
25,147,255,Orange
35,232,255,Yellow
10,18,249,Red
114,18,62,Indigo
17,153,237,Orange
1,121,255,Orange
18,8,237,Red
254,247,237,White
13,10,246,Red
21,255,255,Yellow
6,17,244,Red
196,20,6,Blue
8,255,32,Green
9,14,0,Black
17,19,240,Red
23,18,13,Black
0,254,27,Green
28,10,26,Black
0,136,255,Orange
133,0,60,Indigo
22,132,255,Orange
3,11,250,Red
252,254,245,White
57,224,24,Green
25,255,222,Yellow
0,212,255,Yellow
1,196,35,Green
36,255,234,Yellow
0,220,23,Green
17,19,238,Red
0,148,255,Orange
117,0,58,Indigo
13,29,26,Black
131,0,133,Purple
254,236,245,White
246,43,9,Blue
211,11,33,Blue
16,22,8,Black
35,244,211,Yellow
244,28,37,Blue
235,243,244,White
25,14,17,Black
22,255,210,Yellow
1,23,12,Black
111,19,59,Indigo
110,0,93,Indigo
223,83,188,Violet
12,139,255,Orange
200,36,0,Blue
227,242,243,White
13,10,238,Red
209,118,187,Violet
241,245,232,White
123,16,144,Purple
19,18,231,Red
22,23,8,Black
110,0,83,Indigo
3,146,255,Orange
237,104,214,Violet
219,0,0,Blue
129,15,126,Purple
19,253,57,Green
2,213,233,Yellow
1,3,253,Red
20,230,26,Green
18,7,238,Red
123,0,138,Purple
35,230,231,Yellow
22,214,247,Yellow
245,230,234,White
255,31,10,Blue
228,43,3,Blue
7,0,252,Red
0,223,220,Yellow
229,231,250,White
0,250,255,Yellow
250,251,226,White
213,0,13,Blue
216,45,40,Blue
216,83,217,Violet
246,233,237,White
24,156,255,Orange
15,30,6,Black
6,8,239,Red
0,235,42,Green
249,230,234,White
252,255,228,White
9,22,13,Black
15,22,16,Black
15,5,231,Red
0,186,34,Green
236,249,255,White
14,238,218,Yellow
210,118,186,Violet
203,110,200,Violet
0,216,249,Yellow
19,8,232,Red
239,84,219,Violet
24,233,255,Yellow
140,0,68,Indigo
18,13,243,Red
8,131,255,Orange
185,0,57,Blue
26,241,250,Yellow
121,7,112,Purple
0,252,255,Yellow
245,246,249,White
0,255,255,Yellow
21,218,236,Yellow
15,8,236,Red
19,5,6,Black
124,0,142,Purple
36,222,0,Green
24,17,11,Black
212,116,187,Violet
233,226,229,White
147,0,127,Purple
18,255,254,Yellow
28,3,8,Black
0,255,51,Green
5,22,1,Black
251,56,15,Blue
113,0,137,Purple
20,10,237,Red
8,17,1,Black
227,248,249,White
231,23,37,Blue
11,16,21,Black
0,203,3,Green
148,15,65,Indigo
5,16,245,Red
236,244,254,White
5,8,23,Black
236,255,255,White
250,242,248,White
0,255,241,Yellow
18,13,15,Black
233,44,37,Blue
243,252,231,White
10,229,234,Yellow
3,20,243,Red
243,251,247,White
238,114,194,Violet
0,205,9,Green
238,84,187,Violet
36,255,215,Yellow
6,6,4,Black
240,241,241,White
240,226,247,White
0,13,14,Black
252,243,249,White
248,244,248,White
30,137,247,Orange
19,255,219,Yellow
15,1,234,Red
35,255,250,Yellow
11,252,233,Yellow
116,15,120,Purple
26,247,41,Green
213,14,21,Blue
136,4,94,Indigo
20,220,252,Yellow
128,0,63,Indigo
9,15,243,Red
221,100,180,Violet
12,234,232,Yellow
15,255,225,Yellow
2,12,10,Black
7,255,244,Yellow
45,184,10,Green
13,133,255,Orange
126,11,135,Purple
10,15,234,Red
8,132,255,Orange
225,83,219,Violet
222,6,0,Blue
13,11,15,Black
46,235,3,Green
209,0,28,Blue
17,144,240,Orange
0,255,0,Green
112,18,137,Purple
0,17,233,Red
191,56,30,Blue
236,239,247,White
6,3,233,Red
116,0,128,Purple
242,248,237,White
224,107,215,Violet
2,5,234,Red
9,20,239,Red
0,227,226,Yellow
20,30,27,Black
7,10,232,Red
183,0,48,Blue
0,136,254,Orange
4,13,7,Black
19,140,237,Orange
120,11,131,Purple
5,0,12,Black
4,219,36,Green
19,18,244,Red
110,0,140,Purple
240,57,41,Blue
12,229,56,Green
34,217,235,Yellow
6,17,249,Red
0,125,255,Orange
7,5,237,Red
8,157,255,Orange
9,134,255,Orange
118,0,67,Indigo
0,5,255,Red
9,15,232,Red
137,0,78,Indigo
12,12,230,Red
33,245,11,Green
215,21,51,Blue
22,142,255,Orange
205,99,197,Violet
245,241,244,White
27,236,243,Yellow
117,15,140,Purple
0,255,244,Yellow
150,0,55,Indigo
235,253,240,White
127,0,62,Indigo
6,20,20,Black
205,48,0,Blue
254,232,233,White
234,96,191,Violet
252,241,232,White
203,93,209,Violet
34,214,56,Green
22,120,255,Orange
10,0,242,Red
227,255,249,White
57,210,37,Green
237,228,253,White
2,4,237,Red
0,134,255,Orange
150,10,78,Indigo
111,13,56,Indigo
15,8,245,Red
237,106,194,Violet
18,236,10,Green
41,188,40,Green
201,0,55,Blue
13,20,247,Red
35,224,30,Green
17,13,238,Red
207,95,193,Violet
244,234,254,White
144,0,73,Indigo
224,93,203,Violet
0,155,238,Orange
126,19,73,Indigo
30,128,255,Orange
140,5,75,Indigo
5,15,243,Red
200,112,213,Violet
15,229,248,Yellow
16,16,22,Black
5,9,243,Red
111,0,65,Indigo
140,16,118,Purple
253,247,225,White
216,96,207,Violet
21,23,9,Black
210,80,197,Violet
21,15,0,Black
194,9,0,Blue
127,15,59,Indigo
142,10,67,Indigo
2,0,246,Red
202,37,13,Blue
30,6,13,Black
216,35,52,Blue
136,0,74,Indigo
29,30,8,Black
7,20,17,Black
229,230,233,White
0,255,222,Yellow
4,10,9,Black
183,25,54,Blue
230,91,183,Violet
202,84,198,Violet
9,30,16,Black
17,3,245,Red
118,13,112,Purple
19,120,255,Orange
11,0,1,Black
206,110,213,Violet
236,104,220,Violet
4,6,250,Red
254,1,48,Blue
19,255,255,Yellow
26,125,255,Orange
26,130,246,Orange
141,3,132,Purple
14,23,25,Black
2,3,235,Red
205,50,52,Blue
223,97,199,Violet
16,28,7,Black
0,223,255,Yellow
120,0,87,Indigo
10,150,243,Orange
239,245,232,White
201,27,0,Blue
0,132,255,Orange
30,151,248,Orange
1,7,231,Red
23,211,255,Yellow
231,103,197,Violet
198,0,25,Blue
222,17,29,Blue
227,250,229,White
130,0,82,Indigo
12,134,249,Orange
146,0,69,Indigo
146,6,109,Purple
6,5,250,Red
108,4,139,Purple
59,194,0,Green
21,28,24,Black
108,0,148,Purple
228,0,19,Blue
142,0,75,Indigo
29,230,239,Yellow
8,252,216,Yellow
130,0,90,Indigo
6,8,255,Red
36,255,234,Yellow
28,124,255,Orange
253,226,252,White
15,151,255,Orange
4,23,6,Black
15,6,22,Black
19,11,250,Red
17,17,232,Red
240,255,243,White
4,9,250,Red
182,38,11,Blue
115,0,118,Purple
228,117,199,Violet
24,30,27,Black
2,25,0,Black
218,13,0,Blue
254,236,244,White
245,39,0,Blue
0,255,215,Yellow
110,10,127,Purple
0,208,28,Green
6,4,255,Red
29,127,255,Orange
235,7,20,Blue
234,233,242,White
26,25,9,Black
0,255,244,Yellow
0,208,0,Green
0,249,0,Green
235,239,248,White
130,0,126,Purple
33,239,45,Green
16,4,236,Red
9,19,3,Black
254,235,252,White
0,185,0,Green
4,123,238,Orange
29,181,25,Green
13,204,47,Green
217,31,40,Blue
19,4,250,Red
1,147,255,Orange
116,0,110,Purple
245,248,238,White
209,19,46,Blue
217,0,33,Blue
30,135,251,Orange
24,25,4,Black
19,153,255,Orange
0,253,255,Yellow
21,230,250,Yellow
114,16,55,Indigo
197,41,29,Blue
227,238,245,White
12,22,21,Black
204,115,195,Violet
20,246,250,Yellow
232,6,13,Blue
3,2,253,Red
10,249,224,Yellow
198,12,43,Blue
18,10,1,Black
15,18,240,Red
226,243,246,White
111,0,82,Indigo
6,4,23,Black
4,248,247,Yellow
19,255,255,Yellow
143,1,120,Purple
31,255,241,Yellow
123,0,138,Purple
30,120,253,Orange
1,28,17,Black
0,255,215,Yellow
252,230,240,White
7,22,2,Black
0,218,237,Yellow
7,18,245,Red
113,0,58,Indigo
237,255,249,White
31,247,255,Yellow
241,243,233,White
50,250,21,Green
14,29,9,Black
6,1,23,Black
2,0,10,Black
0,6,255,Red
235,229,241,White
223,23,3,Blue
255,225,240,White
119,10,112,Purple
201,110,182,Violet
0,128,255,Orange
12,13,30,Black
222,8,23,Blue
225,92,203,Violet
14,141,242,Orange
47,185,40,Green
215,51,49,Blue
240,233,248,White
15,223,211,Yellow
36,225,255,Yellow
3,4,30,Black
23,159,255,Orange
18,6,8,Black
24,7,0,Black
0,236,248,Yellow
19,15,246,Red
234,244,247,White
12,30,18,Black
8,29,2,Black
36,238,240,Yellow
9,2,237,Red
0,207,0,Green
21,13,27,Black
243,255,232,White
246,236,236,White
138,12,131,Purple
126,18,109,Purple
130,1,94,Indigo
239,225,254,White
255,32,0,Blue
0,192,35,Green
10,30,26,Black
234,226,255,White
39,220,255,Yellow
226,97,219,Violet
15,218,210,Yellow
4,8,247,Red
135,0,130,Purple
9,3,30,Black
122,16,90,Indigo
7,18,8,Black
30,134,255,Orange
4,251,0,Green
228,240,241,White
11,3,238,Red
9,12,9,Black
146,0,130,Purple
37,220,255,Yellow
114,9,79,Indigo
230,244,226,White
43,230,26,Green
9,129,244,Orange
233,228,240,White
143,0,81,Indigo
129,0,115,Purple
254,232,249,White
28,133,241,Orange
5,158,241,Orange
3,154,247,Orange
125,16,69,Indigo
253,226,239,White
27,132,255,Orange
217,103,199,Violet
23,7,3,Black
25,149,235,Orange
234,55,51,Blue
200,98,220,Violet
53,238,54,Green
16,18,242,Red
225,241,240,White
239,249,228,White
28,3,15,Black
137,0,113,Purple
200,0,17,Blue
4,4,238,Red
0,5,238,Red
231,120,218,Violet
126,0,75,Indigo
241,39,9,Blue
0,16,232,Red
10,12,23,Black
14,137,255,Orange
208,1,11,Blue
4,8,255,Red
3,8,248,Red
30,30,14,Black
35,247,224,Yellow
27,254,251,Yellow
0,255,218,Yellow
215,48,0,Blue
221,10,24,Blue
0,136,255,Orange
119,0,127,Purple
32,227,18,Green
60,227,48,Green
115,16,71,Indigo
18,230,59,Green
8,7,15,Black
2,16,245,Red
2,9,241,Red
0,127,252,Orange
228,92,195,Violet
16,11,6,Black
58,199,59,Green
181,0,0,Blue
27,25,22,Black
208,31,53,Blue
7,0,252,Red
1,6,235,Red
144,20,84,Indigo
7,2,234,Red
23,235,255,Yellow
0,12,241,Red
123,0,116,Purple
6,197,11,Green
231,105,183,Violet
36,199,0,Green
235,246,254,White
29,148,245,Orange
0,186,10,Green
58,255,47,Green
125,0,82,Indigo
21,0,22,Black
3,10,252,Red
0,151,253,Orange
247,243,229,White
252,254,250,White
5,1,255,Red
1,6,255,Red
1,10,29,Black
8,23,10,Black
200,4,0,Blue
33,224,255,Yellow
0,157,255,Orange
119,0,130,Purple
117,0,91,Indigo
8,16,242,Red
21,154,255,Orange
24,122,253,Orange
140,0,126,Purple
233,252,244,White
122,0,146,Purple
5,220,59,Green
227,235,255,White
8,0,251,Red
0,236,247,Yellow
147,19,111,Purple
251,230,226,White
230,254,253,White
2,133,255,Orange
2,248,8,Green
193,0,60,Blue
0,187,50,Green
116,0,138,Purple
27,1,16,Black
23,207,0,Green
112,5,74,Indigo
31,233,232,Yellow
4,6,6,Black
249,247,230,White
232,13,0,Blue
213,59,3,Blue
10,3,24,Black
238,2,43,Blue
247,245,225,White
232,104,197,Violet
15,231,56,Green
114,2,126,Purple
2,14,244,Red
0,217,55,Green
0,202,60,Green
4,18,5,Black
0,126,255,Orange
11,1,231,Red
223,106,205,Violet
20,211,229,Yellow
39,225,252,Yellow
109,0,135,Purple
14,242,220,Yellow
59,228,37,Green
21,145,255,Orange
13,9,237,Red
19,125,255,Orange
238,236,237,White
3,0,254,Red
17,213,216,Yellow
30,223,255,Yellow
29,30,14,Black
230,234,244,White
23,255,218,Yellow
243,55,0,Blue
16,136,254,Orange
4,186,47,Green
10,124,253,Orange
190,0,45,Blue
238,251,235,White
201,117,209,Violet
231,100,190,Violet
0,191,33,Green
0,226,224,Yellow
140,18,119,Purple
6,12,248,Red
3,10,232,Red
37,237,244,Yellow
0,154,255,Orange
1,7,26,Black
56,231,10,Green
252,237,245,White
0,182,35,Green
242,246,250,White
216,34,0,Blue
13,2,27,Black
229,111,205,Violet
250,252,226,White
0,252,246,Yellow
6,215,44,Green
10,155,248,Orange
33,253,9,Green
239,99,212,Violet
240,254,242,White
19,149,255,Orange
234,226,253,White
255,10,12,Blue
28,159,239,Orange
19,25,25,Black
19,5,246,Red
0,233,42,Green
221,92,218,Violet
132,0,120,Purple
37,207,20,Green
6,12,236,Red
30,210,255,Yellow
246,231,238,White
242,5,18,Blue
237,237,248,White
116,0,56,Indigo
211,94,216,Violet
3,251,220,Yellow
30,147,255,Orange
17,17,250,Red
127,0,62,Indigo
218,14,21,Blue
245,0,34,Blue
234,117,187,Violet
0,203,0,Green
1,1,13,Black
125,0,65,Indigo
235,109,182,Violet
0,219,217,Yellow
203,96,199,Violet
218,47,21,Blue
26,159,255,Orange
212,13,0,Blue
219,34,19,Blue
5,15,233,Red
212,26,5,Blue
6,6,254,Red
18,255,243,Yellow
20,152,236,Orange
6,3,255,Red
23,145,255,Orange
197,47,0,Blue
7,7,253,Red
10,5,255,Red
0,135,254,Orange
255,21,51,Blue
142,17,90,Indigo
208,39,2,Blue
5,5,251,Red
28,149,255,Orange
22,12,24,Black
23,27,5,Black
13,154,238,Orange
12,13,240,Red
0,129,242,Orange
3,22,5,Black
1,229,249,Yellow
117,0,68,Indigo
46,252,24,Green
5,4,13,Black
131,0,148,Purple
15,16,236,Red
31,255,255,Yellow
48,244,10,Green
124,0,67,Indigo
248,15,31,Blue
9,10,245,Red
10,1,238,Red
114,0,129,Purple
6,7,0,Black
0,229,39,Green
21,225,245,Yellow
0,255,24,Green
234,51,59,Blue
244,231,236,White
11,134,255,Orange
255,16,0,Blue
226,243,230,White
12,245,12,Green
0,255,229,Yellow
211,102,216,Violet
187,22,13,Blue
251,31,23,Blue
17,13,244,Red
247,245,241,White
2,191,0,Green
22,222,255,Yellow
0,221,223,Yellow
28,129,236,Orange
231,233,238,White
20,255,0,Green
123,0,92,Indigo
116,0,70,Indigo
142,3,130,Purple
0,251,239,Yellow
57,225,37,Green
46,209,0,Green
9,22,0,Black
28,255,214,Yellow
113,0,148,Purple
12,231,238,Yellow
25,1,6,Black
0,221,37,Green
233,234,239,White
211,0,28,Blue
234,238,227,White
0,223,255,Yellow
228,118,208,Violet
225,231,234,White
3,7,253,Red
114,0,148,Purple
20,14,238,Red
0,150,255,Orange
48,180,42,Green
244,47,57,Blue
9,3,21,Black
24,15,27,Black
8,235,23,Green
250,231,229,White
148,0,114,Purple
251,232,228,White
220,54,9,Blue
12,22,23,Black
223,51,14,Blue
16,126,255,Orange
227,237,228,White
34,244,221,Yellow
111,0,59,Indigo
1,26,1,Black
0,139,255,Orange
0,160,247,Orange
16,0,243,Red
15,210,51,Green
0,216,255,Yellow
0,208,0,Green
21,255,241,Yellow
19,16,25,Black
148,7,134,Purple
135,0,141,Purple
7,4,241,Red
19,196,0,Green
196,15,52,Blue
224,22,45,Blue
239,254,230,White
29,7,6,Black
242,252,232,White
23,9,20,Black
9,3,4,Black
0,247,0,Green
245,228,228,White
21,216,232,Yellow
6,137,244,Orange
255,49,0,Blue
54,244,0,Green
240,245,233,White
0,255,246,Yellow
20,20,2,Black
227,109,212,Violet
232,114,199,Violet
17,20,20,Black
245,249,226,White
10,19,233,Red
138,0,57,Indigo
207,98,219,Violet
221,52,0,Blue
205,43,44,Blue
48,255,0,Green
0,228,16,Green
145,18,119,Purple
0,234,238,Yellow
237,44,51,Blue
236,111,189,Violet
0,224,223,Yellow
207,89,184,Violet
10,0,26,Black
49,217,44,Green
10,8,231,Red
9,157,246,Orange
27,153,239,Orange
26,237,226,Yellow
0,212,251,Yellow
27,16,17,Black
241,246,238,White
5,121,244,Orange
23,25,23,Black
214,9,24,Blue
24,221,237,Yellow
6,120,245,Orange
8,252,213,Yellow
251,227,240,White
27,159,255,Orange
12,23,11,Black
215,4,52,Blue
16,21,19,Black
234,53,60,Blue
9,2,255,Red
114,0,63,Indigo
38,250,255,Yellow
221,0,5,Blue
136,0,70,Indigo
228,231,239,White
135,10,147,Purple
28,9,11,Black
207,87,197,Violet
128,7,140,Purple
228,230,225,White
20,9,237,Red
0,255,230,Yellow
130,8,127,Purple
1,20,9,Black
118,0,140,Purple
49,230,14,Green
0,182,0,Green
28,2,14,Black
9,154,240,Orange
238,250,253,White
109,0,108,Purple
16,255,55,Green
143,9,95,Indigo
16,8,248,Red
31,218,0,Green
240,227,230,White
29,207,41,Green
8,211,222,Yellow
143,0,126,Purple
8,3,21,Black
238,247,227,White
234,225,225,White
141,19,74,Indigo
148,0,71,Indigo
12,8,8,Black
18,157,235,Orange
234,89,204,Violet
6,1,237,Red
125,15,138,Purple
231,28,32,Blue
120,0,116,Purple
19,12,242,Red
231,91,181,Violet
10,8,240,Red
255,0,48,Blue
139,0,145,Purple
27,181,7,Green
234,241,234,White
236,103,204,Violet
244,29,6,Blue
18,8,22,Black
13,8,230,Red
224,23,15,Blue
233,45,0,Blue
109,15,110,Purple
233,118,190,Violet
10,213,10,Green
185,33,26,Blue
130,0,90,Indigo
209,43,0,Blue
250,21,47,Blue
139,13,79,Indigo
252,14,56,Blue
6,26,17,Black
24,253,252,Yellow
241,47,2,Blue
110,0,142,Purple
218,85,214,Violet
229,238,238,White
255,240,253,White
255,249,243,White
0,255,255,Yellow
242,245,251,White
36,244,244,Yellow
122,0,75,Indigo
201,87,181,Violet
110,0,134,Purple
2,143,248,Orange
17,136,253,Orange
29,159,240,Orange
131,0,93,Indigo
227,248,243,White
228,243,232,White
0,145,246,Orange
0,242,235,Yellow
234,254,240,White
2,30,23,Black
236,0,0,Blue
245,254,235,White
13,6,235,Red
26,225,42,Green
4,10,255,Red
218,0,38,Blue
125,10,95,Indigo
2,212,244,Yellow
9,6,242,Red
226,0,19,Blue
185,0,28,Blue
0,255,255,Yellow
137,9,57,Indigo
238,255,228,White
43,217,40,Green
4,122,236,Orange
0,220,255,Yellow
11,13,235,Red
211,111,202,Violet
234,233,241,White
9,18,245,Red
20,253,43,Green
11,226,239,Yellow
12,150,245,Orange
19,21,20,Black
0,125,255,Orange
0,240,29,Green
1,1,255,Red
10,16,230,Red
245,235,251,White
8,13,234,Red
223,48,0,Blue
126,16,83,Indigo
138,0,127,Purple
210,112,198,Violet
225,239,246,White
141,0,89,Indigo
119,14,78,Indigo
36,224,246,Yellow
57,243,0,Green
1,16,239,Red
131,18,132,Purple
11,194,18,Green
12,229,226,Yellow
9,154,247,Orange
13,10,245,Red
0,192,0,Green
29,205,50,Green
126,0,125,Purple
23,18,19,Black
119,0,112,Purple
223,97,202,Violet
227,233,241,White
9,13,246,Red
21,129,242,Orange
0,6,250,Red
42,239,33,Green
9,3,255,Red
145,18,55,Indigo
59,197,2,Green
0,123,255,Orange
143,0,122,Purple
11,28,13,Black
1,8,250,Red
19,26,8,Black
239,88,217,Violet
0,232,38,Green
12,28,1,Black
180,54,30,Blue
45,220,23,Green
128,19,137,Purple
28,152,255,Orange
56,191,0,Green
16,214,243,Yellow
232,84,198,Violet
0,248,32,Green
128,0,81,Indigo
208,98,190,Violet
232,107,180,Violet
194,0,45,Blue
38,247,221,Yellow
37,252,255,Yellow
237,245,237,White
18,5,13,Black
232,244,252,White
113,0,127,Purple
29,132,239,Orange
6,214,255,Yellow
50,195,7,Green
216,50,4,Blue
17,141,250,Orange
29,234,243,Yellow
0,128,238,Orange
5,8,243,Red
0,217,24,Green
234,243,236,White
192,1,33,Blue
27,1,30,Black
217,98,195,Violet
9,6,254,Red
113,0,146,Purple
23,0,1,Black
17,15,237,Red
29,3,24,Black
14,248,58,Green
1,18,5,Black
126,1,64,Indigo
233,252,235,White
59,229,43,Green
137,19,76,Indigo
229,226,243,White
1,14,231,Red
148,15,73,Indigo
230,22,36,Blue
197,6,14,Blue
32,255,17,Green
254,229,243,White
200,7,46,Blue
4,5,255,Red
228,225,244,White
0,11,29,Black
0,255,0,Green
9,5,255,Red
40,236,26,Green
0,243,255,Yellow
0,223,244,Yellow
197,42,1,Blue
21,22,12,Black
218,34,32,Blue
143,0,62,Indigo
209,101,204,Violet
222,104,206,Violet
35,219,228,Yellow
214,96,200,Violet
14,4,11,Black
5,182,44,Green
10,17,245,Red
12,11,6,Black
238,117,201,Violet
108,0,140,Purple
131,0,142,Purple
6,22,13,Black
47,255,7,Green
241,244,246,White
202,12,45,Blue
147,1,63,Indigo
35,248,211,Yellow
251,249,248,White
1,255,221,Yellow
197,44,17,Blue
6,1,250,Red
195,27,0,Blue
0,255,230,Yellow
125,0,138,Purple
2,142,246,Orange
121,0,80,Indigo
140,15,88,Indigo
124,0,114,Purple
4,18,25,Black
24,252,246,Yellow
123,0,118,Purple
21,207,0,Green
120,4,122,Purple
253,246,226,White
24,148,238,Orange
58,255,0,Green
27,21,7,Black
16,140,251,Orange
2,2,255,Red
0,255,230,Yellow
8,248,50,Green
235,231,234,White
28,6,14,Black
248,230,245,White
255,56,45,Blue
251,24,46,Blue
252,234,251,White
211,113,184,Violet
20,252,255,Yellow
20,17,246,Red
209,40,21,Blue
244,242,231,White
6,23,25,Black
3,147,251,Orange
200,52,29,Blue
251,32,0,Blue
4,20,2,Black
10,192,27,Green
115,19,58,Indigo
140,15,63,Indigo
231,251,236,White
10,134,249,Orange
214,55,37,Blue
123,0,71,Indigo
118,0,92,Indigo
10,7,3,Black
0,224,228,Yellow
20,142,254,Orange
14,215,50,Green
2,17,245,Red
147,5,64,Indigo
0,255,249,Yellow
1,205,43,Green
29,6,7,Black
240,225,255,White
227,110,196,Violet
25,143,255,Orange
23,212,38,Green
255,232,242,White
132,0,73,Indigo
27,19,27,Black
19,134,255,Orange
0,217,227,Yellow
4,17,25,Black
1,2,253,Red
229,245,237,White
12,7,23,Black
19,17,250,Red
17,227,210,Yellow
1,187,27,Green
27,27,14,Black
132,5,55,Indigo
1,6,244,Red
25,19,13,Black
119,0,78,Indigo
14,1,7,Black
11,249,250,Yellow
250,36,0,Blue
9,20,231,Red
48,234,16,Green
225,105,210,Violet
249,249,245,White
1,9,246,Red
0,144,241,Orange
6,11,2,Black
255,1,43,Blue
1,20,250,Red
245,230,226,White
0,205,30,Green
25,150,236,Orange
0,241,18,Green
242,239,242,White
135,8,93,Indigo
133,0,129,Purple
251,240,241,White
119,18,88,Indigo
124,3,110,Purple
242,234,251,White
25,155,238,Orange
138,15,117,Purple
38,215,19,Green
5,3,239,Red
10,9,255,Red
248,51,57,Blue
239,237,255,White
24,122,241,Orange
208,112,196,Violet
23,138,242,Orange
9,7,251,Red
113,9,114,Purple
249,244,232,White
8,0,247,Red
2,13,239,Red
234,116,211,Violet
185,59,58,Blue
119,19,88,Indigo
23,191,10,Green
137,8,60,Indigo
34,255,213,Yellow
36,245,35,Green
1,11,25,Black
0,29,5,Black
211,114,216,Violet
6,0,236,Red
0,236,255,Yellow
3,8,233,Red
7,7,244,Red
0,215,23,Green
0,147,247,Orange
115,11,80,Indigo
17,250,249,Yellow
0,248,253,Yellow
0,255,227,Yellow
228,111,180,Violet
25,22,9,Black
11,136,254,Orange
23,29,17,Black
123,5,136,Purple
244,248,253,White
0,192,20,Green
117,1,142,Purple
192,0,34,Blue
186,14,8,Blue
242,0,17,Blue
128,0,135,Purple
2,221,248,Yellow
0,234,255,Yellow
254,252,243,White
14,15,233,Red
211,120,213,Violet
3,137,255,Orange
214,50,17,Blue
10,1,254,Red
118,0,111,Purple
118,0,90,Indigo
8,8,255,Red
1,255,255,Yellow
9,235,245,Yellow
228,235,231,White
5,2,245,Red
127,16,73,Indigo
230,99,217,Violet
14,148,255,Orange
3,22,30,Black
13,1,20,Black
9,25,29,Black
14,17,241,Red
0,255,23,Green
3,0,255,Red
1,13,231,Red
232,11,60,Blue
245,235,240,White
6,30,2,Black
13,1,236,Red
235,117,190,Violet
0,223,251,Yellow
248,238,231,White
124,14,115,Purple
12,154,255,Orange
18,225,255,Yellow
11,24,17,Black
220,32,19,Blue
10,149,255,Orange
4,1,235,Red
19,6,230,Red
28,11,22,Black
147,0,109,Purple
208,110,192,Violet
2,3,244,Red
2,142,235,Orange
124,5,114,Purple
202,45,46,Blue
3,6,236,Red
122,3,146,Purple
16,23,29,Black
17,8,29,Black
17,140,255,Orange
3,4,255,Red
3,16,249,Red
231,239,234,White
18,13,243,Red
248,43,0,Blue
0,229,255,Yellow
32,255,243,Yellow
57,197,12,Green
236,5,7,Blue
2,18,241,Red
210,106,194,Violet
13,8,248,Red
0,228,3,Green
123,13,140,Purple
5,229,0,Green
0,255,255,Yellow
133,0,120,Purple
18,129,255,Orange
54,206,49,Green
57,247,12,Green
20,10,30,Black
120,0,82,Indigo
13,12,232,Red
252,248,227,White
210,24,5,Blue
253,252,242,White
224,80,185,Violet
215,103,205,Violet
28,139,255,Orange
0,218,10,Green
18,26,14,Black
222,86,202,Violet
190,1,0,Blue
120,0,60,Indigo
3,26,27,Black
242,49,0,Blue
240,36,0,Blue
250,242,228,White
127,8,72,Indigo
249,247,235,White
9,131,255,Orange
0,12,6,Black
252,229,240,White
243,43,42,Blue
17,4,20,Black
20,6,239,Red
38,255,255,Yellow
225,240,253,White
13,156,255,Orange
15,20,238,Red
8,6,5,Black
237,108,212,Violet
192,54,22,Blue
141,10,127,Purple
22,157,250,Orange
232,99,191,Violet
17,123,241,Orange
244,237,241,White
121,0,66,Indigo
123,0,56,Indigo
30,154,239,Orange
29,215,255,Yellow
0,135,255,Orange
10,214,13,Green
134,0,68,Indigo
9,0,255,Red
3,7,3,Black
21,122,247,Orange
232,232,252,White
10,254,52,Green
239,105,191,Violet
37,183,49,Green
0,249,249,Yellow
10,13,19,Black
15,254,226,Yellow
30,29,17,Black
2,148,242,Orange
133,15,85,Indigo
14,228,253,Yellow
244,246,234,White
19,122,255,Orange
251,239,231,White
133,9,124,Purple
205,33,18,Blue
110,7,111,Purple
240,237,229,White
234,228,250,White
0,245,255,Yellow
201,19,4,Blue
21,24,0,Black
24,14,20,Black
221,119,197,Violet
22,16,16,Black
16,128,240,Orange
128,4,115,Purple
28,16,0,Black
7,19,241,Red
0,143,255,Orange
3,9,255,Red
241,0,25,Blue
205,93,215,Violet
0,219,57,Green
206,1,16,Blue
30,4,22,Black
30,29,19,Black
39,211,223,Yellow
117,0,81,Indigo
0,120,255,Orange
27,16,11,Black
244,244,231,White
237,102,211,Violet
9,5,255,Red
0,248,248,Yellow
241,59,0,Blue
33,234,246,Yellow
30,138,255,Orange
45,210,23,Green
5,217,253,Yellow
131,2,139,Purple
230,247,231,White
6,139,255,Orange
147,0,112,Purple
60,226,0,Green
113,14,57,Indigo
2,9,2,Black
7,15,248,Red
14,23,11,Black
0,250,23,Green
192,0,27,Blue
0,222,255,Yellow
111,0,72,Indigo
6,26,9,Black
11,25,28,Black
10,4,230,Red
2,30,29,Black
15,146,255,Orange
234,96,205,Violet
0,8,255,Red
132,5,111,Purple
15,9,248,Red
56,194,56,Green
4,154,255,Orange
11,9,29,Black
24,142,247,Orange
183,26,0,Blue
12,11,234,Red
231,248,244,White
219,31,16,Blue
26,10,19,Black
246,250,235,White
5,10,255,Red
248,247,236,White
25,142,243,Orange
253,34,50,Blue
7,21,16,Black
230,242,246,White
2,149,255,Orange
18,137,255,Orange
113,19,108,Purple
110,15,70,Indigo
17,12,239,Red
18,16,26,Black
232,250,226,White
230,231,244,White
0,221,250,Yellow
236,106,210,Violet
213,18,46,Blue
18,238,230,Yellow
215,39,6,Blue
243,247,254,White
0,123,238,Orange
110,0,136,Purple
245,231,245,White
5,192,58,Green
216,111,219,Violet
250,230,225,White
3,6,7,Black
232,110,216,Violet
235,230,245,White
0,225,255,Yellow
0,246,45,Green
225,247,233,White
9,6,245,Red
15,30,27,Black
0,255,255,Yellow
241,46,0,Blue
17,10,22,Black
248,225,233,White
245,235,231,White
0,226,11,Green
238,0,0,Blue
29,255,230,Yellow
24,245,231,Yellow
234,231,245,White
15,160,242,Orange
8,5,236,Red
7,25,11,Black
37,192,29,Green
244,238,240,White
0,254,44,Green
127,0,115,Purple
11,21,13,Black
33,242,224,Yellow
238,94,211,Violet
9,242,255,Yellow
205,0,6,Blue
39,217,230,Yellow
0,244,0,Green
236,89,201,Violet
145,0,62,Indigo
0,246,233,Yellow
127,0,70,Indigo
143,19,64,Indigo
2,12,25,Black
233,247,251,White
0,218,210,Yellow
219,100,212,Violet
7,26,5,Black
234,118,210,Violet
206,91,206,Violet
26,248,247,Yellow
13,252,232,Yellow
243,255,250,White
29,129,240,Orange
120,0,110,Purple
10,18,233,Red
241,43,30,Blue
252,230,251,White
225,231,232,White
252,60,4,Blue
218,86,201,Violet
10,5,28,Black
144,0,144,Purple
200,115,194,Violet
0,149,237,Orange
0,218,255,Yellow
132,16,124,Purple
131,0,131,Purple
39,196,38,Green
230,120,193,Violet
15,198,45,Green
113,0,95,Indigo
254,225,252,White
229,251,228,White
216,2,52,Blue
21,26,8,Black
120,0,64,Indigo
23,0,24,Black
11,244,216,Yellow
44,224,57,Green
150,9,77,Indigo
20,24,7,Black
15,237,255,Yellow
8,0,233,Red
214,116,183,Violet
54,193,0,Green
137,0,132,Purple
11,17,237,Red
14,155,248,Orange
0,209,9,Green
14,219,246,Yellow
4,2,250,Red
28,145,245,Orange
17,11,15,Black
19,7,234,Red
36,210,235,Yellow
29,140,255,Orange
141,4,80,Indigo
24,233,49,Green
0,255,25,Green
140,0,109,Purple
20,8,30,Black
0,186,2,Green
18,20,248,Red
0,207,21,Green
228,85,198,Violet
184,52,15,Blue
214,116,220,Violet
182,3,42,Blue
221,41,15,Blue
139,0,120,Purple
8,20,246,Red
1,15,1,Black
237,226,252,White
0,255,255,Yellow
128,0,110,Purple
8,16,11,Black
20,158,243,Orange
11,229,4,Green
7,27,22,Black
125,0,137,Purple
2,13,27,Black
136,20,115,Purple
33,180,54,Green
247,240,239,White
30,29,4,Black
111,12,68,Indigo
144,10,84,Indigo
135,0,76,Indigo
144,12,116,Purple
1,1,255,Red
225,90,216,Violet
18,21,16,Black
15,4,235,Red
1,4,247,Red
230,254,249,White
0,253,14,Green
8,14,230,Red
139,9,82,Indigo
0,144,255,Orange
17,9,244,Red
18,208,40,Green
118,0,68,Indigo
206,88,206,Violet
121,19,83,Indigo
248,36,54,Blue
199,60,3,Blue
5,24,7,Black
7,136,255,Orange
118,0,136,Purple
29,219,210,Yellow
255,0,2,Blue
46,210,0,Green
9,7,246,Red
119,0,128,Purple
218,19,0,Blue
232,243,252,White
251,227,231,White
214,86,191,Violet
228,225,241,White
10,153,243,Orange
18,1,10,Black
134,12,82,Indigo
25,218,255,Yellow
237,226,248,White
7,11,231,Red
126,0,89,Indigo
2,13,230,Red
24,11,10,Black
0,149,255,Orange
0,191,17,Green
19,4,236,Red
18,231,36,Green
51,181,0,Green
225,241,235,White
35,233,255,Yellow
227,85,206,Violet
0,252,255,Yellow
244,239,228,White
5,19,241,Red
224,114,185,Violet
0,212,0,Green
3,18,0,Black
32,255,246,Yellow
250,251,231,White
120,0,60,Indigo
27,140,245,Orange
14,14,235,Red
17,30,23,Black
8,5,25,Black
231,231,253,White
0,241,213,Yellow
0,230,52,Green
251,225,246,White
15,8,244,Red
255,51,60,Blue
26,21,7,Black
34,237,244,Yellow
240,114,194,Violet
3,149,255,Orange
109,5,112,Purple
5,21,29,Black
236,85,192,Violet
18,234,234,Yellow
214,56,0,Blue
216,58,0,Blue
30,255,250,Yellow
16,15,13,Black
4,25,18,Black
220,102,199,Violet
3,15,23,Black
17,235,217,Yellow
112,20,87,Indigo
19,217,51,Green
17,13,19,Black
248,237,242,White
0,227,0,Green
250,228,255,White
252,236,233,White
252,226,248,White
26,220,0,Green
237,14,10,Blue
111,0,89,Indigo
228,233,238,White
5,5,233,Red
144,1,141,Purple
222,114,185,Violet
226,255,230,White
148,0,59,Indigo
121,14,78,Indigo
137,0,94,Indigo
0,23,9,Black
22,1,8,Black
221,80,214,Violet
227,243,239,White
126,5,114,Purple
14,195,49,Green
248,241,226,White
21,2,6,Black
27,12,27,Black
19,231,249,Yellow
244,237,226,White
20,15,233,Red
17,148,250,Orange
30,220,227,Yellow
29,184,31,Green
10,20,25,Black
117,0,95,Indigo
15,11,27,Black
2,12,235,Red
226,248,252,White
21,29,4,Black
30,30,11,Black
8,8,25,Black
22,21,24,Black
20,239,246,Yellow
242,0,37,Blue
8,137,255,Orange
9,122,247,Orange
17,131,255,Orange
44,244,38,Green
114,0,66,Indigo
201,45,0,Blue
147,0,127,Purple
232,234,227,White
11,12,234,Red
19,127,252,Orange
2,14,238,Red
0,232,221,Yellow
8,1,255,Red
13,17,239,Red
10,3,27,Black
15,2,7,Black
217,99,212,Violet
43,255,18,Green
30,155,255,Orange
216,104,216,Violet
118,10,130,Purple
6,11,18,Black
255,229,236,White
1,17,15,Black
14,18,21,Black
1,131,241,Orange
221,108,210,Violet
14,242,255,Yellow
112,9,74,Indigo
230,115,217,Violet
31,219,255,Yellow
229,253,229,White
197,14,23,Blue
112,12,140,Purple
236,249,255,White
4,1,251,Red
10,6,248,Red
0,255,255,Yellow
212,103,215,Violet
11,121,255,Orange
232,98,213,Violet
146,6,122,Purple
55,200,53,Green
0,232,255,Yellow
39,242,241,Yellow
17,13,25,Black
250,57,0,Blue
132,3,147,Purple
248,10,52,Blue
124,17,94,Indigo
46,193,51,Green
234,12,19,Blue
10,224,221,Yellow
213,83,196,Violet
202,84,208,Violet
5,20,235,Red
19,18,232,Red
217,97,206,Violet
30,250,255,Yellow
230,104,214,Violet
226,249,231,White
13,18,242,Red
202,84,213,Violet
17,1,241,Red
139,0,69,Indigo
0,241,39,Green
0,150,255,Orange
13,30,24,Black
37,237,253,Yellow
23,140,252,Orange
116,0,80,Indigo
27,19,27,Black
30,23,17,Black
12,0,21,Black
10,212,52,Green
0,16,234,Red
0,228,251,Yellow
35,219,34,Green
19,16,23,Black
241,249,238,White
22,236,18,Green
135,10,82,Indigo
3,157,248,Orange
11,10,239,Red
255,232,246,White
242,240,228,White
11,5,16,Black
37,234,227,Yellow
3,214,255,Yellow
115,15,71,Indigo
17,217,40,Green
0,249,212,Yellow
13,19,230,Red
224,90,218,Violet
19,141,237,Orange
255,235,239,White
7,135,255,Orange
183,28,0,Blue
3,142,251,Orange
123,0,114,Purple
4,10,232,Red
30,29,9,Black
129,3,141,Purple
235,253,225,White
226,227,247,White
219,46,0,Blue
16,19,26,Black
10,2,255,Red
114,3,58,Indigo
251,235,249,White
25,136,255,Orange
0,240,229,Yellow
4,25,4,Black
8,20,25,Black
0,244,255,Yellow
25,5,25,Black
238,22,9,Blue
0,218,0,Green
249,241,239,White
20,216,255,Yellow
235,244,225,White
149,10,63,Indigo
3,122,255,Orange
241,240,255,White
133,7,92,Indigo
129,6,123,Purple
13,13,245,Red
249,246,227,White
229,232,252,White
1,4,3,Black
253,225,230,White
148,0,140,Purple
248,234,228,White
5,12,247,Red
7,26,1,Black
111,0,140,Purple
239,118,218,Violet
14,14,244,Red
1,20,232,Red
111,0,135,Purple
117,19,76,Indigo
29,30,0,Black
232,244,237,White
17,16,17,Black
248,245,225,White
117,0,56,Indigo
0,154,241,Orange
5,12,230,Red
132,12,88,Indigo
22,136,245,Orange
38,239,255,Yellow
149,0,56,Indigo
1,242,254,Yellow
125,0,95,Indigo
243,230,240,White
53,195,17,Green
253,16,53,Blue
23,233,255,Yellow
19,14,236,Red
235,255,235,White
145,0,127,Purple
15,156,248,Orange
0,255,219,Yellow
30,130,235,Orange
15,239,4,Green
6,141,255,Orange
38,209,56,Green
23,11,2,Black
14,212,40,Green
20,225,52,Green
121,18,91,Indigo
249,27,2,Blue
230,243,236,White
237,254,239,White
0,180,0,Green
1,225,0,Green
1,10,244,Red
6,157,248,Orange
182,48,55,Blue
18,254,241,Yellow
135,0,139,Purple
195,0,21,Blue
215,120,217,Violet
8,20,238,Red
1,26,10,Black
37,252,255,Yellow
218,46,47,Blue
112,0,138,Purple
6,4,240,Red
192,27,16,Blue
254,243,255,White
255,5,40,Blue
129,0,145,Purple
0,237,255,Yellow
236,247,252,White
225,109,197,Violet
12,123,255,Orange
0,150,255,Orange
13,148,240,Orange
60,230,0,Green
0,120,255,Orange
27,223,0,Green
56,236,0,Green
7,160,255,Orange
201,0,50,Blue
9,8,235,Red
191,46,0,Blue
200,92,219,Violet
0,210,57,Green
19,248,255,Yellow
6,130,255,Orange
0,197,52,Green
140,0,115,Purple
226,229,237,White
235,108,192,Violet
235,225,228,White
50,247,19,Green
26,149,255,Orange
4,1,255,Red
233,235,250,White
24,156,244,Orange
12,220,58,Green
7,12,18,Black
1,16,11,Black
7,156,255,Orange
15,183,58,Green
129,0,119,Purple
2,20,241,Red
1,2,5,Black
118,0,70,Indigo
18,23,1,Black
2,135,255,Orange
200,96,203,Violet
250,228,243,White
224,102,214,Violet
5,17,235,Red
236,8,0,Blue
252,230,228,White
133,0,124,Purple
129,5,89,Indigo
16,15,232,Red
215,105,199,Violet
8,255,216,Yellow
245,247,243,White
4,142,255,Orange
249,230,248,White
18,14,233,Red
230,225,255,White
243,11,54,Blue
245,17,6,Blue
228,228,229,White
213,0,53,Blue
19,14,17,Black
21,233,241,Yellow
124,0,128,Purple
6,24,0,Black
216,17,8,Blue
121,4,111,Purple
205,17,52,Blue
253,30,50,Blue
2,1,21,Black
9,130,255,Orange
245,230,252,White
132,0,62,Indigo
0,204,56,Green
211,83,209,Violet
17,144,255,Orange
142,0,78,Indigo
147,0,108,Purple
216,91,195,Violet
2,3,255,Red
133,5,121,Purple
150,0,74,Indigo
246,231,228,White
181,16,41,Blue
8,199,44,Green
0,3,248,Red
203,8,51,Blue
129,0,109,Purple
0,249,44,Green
27,3,7,Black
210,103,182,Violet
3,155,246,Orange
3,135,236,Orange
122,0,63,Indigo
16,24,11,Black
188,0,0,Blue
250,226,245,White
10,7,252,Red
142,0,91,Indigo
2,255,252,Yellow
3,127,255,Orange
133,7,120,Purple
120,13,61,Indigo
0,5,232,Red
216,103,187,Violet
0,141,255,Orange
214,104,188,Violet
0,221,223,Yellow
27,21,7,Black
253,253,254,White
13,8,21,Black
245,229,251,White
0,225,255,Yellow
235,239,245,White
231,226,235,White
255,233,238,White
23,18,6,Black
139,1,81,Indigo
180,44,39,Blue
57,246,0,Green
136,5,121,Purple
17,11,232,Red
117,0,119,Purple
233,0,51,Blue
125,3,70,Indigo
193,0,0,Blue
139,8,140,Purple
18,10,4,Black
22,140,238,Orange
14,150,241,Orange
254,251,244,White
236,90,205,Violet
147,9,140,Purple
23,9,5,Black
0,126,255,Orange
16,148,247,Orange
10,6,255,Red
238,252,238,White
30,215,239,Yellow
11,5,12,Black
204,83,185,Violet
22,28,13,Black
234,107,182,Violet
145,2,124,Purple
138,0,76,Indigo
133,10,127,Purple
237,86,215,Violet
24,199,34,Green
0,244,15,Green
3,255,242,Yellow
3,9,251,Red
18,9,13,Black
140,0,148,Purple
36,219,27,Green
25,214,255,Yellow
130,0,112,Purple
24,122,255,Orange
0,121,252,Orange
0,237,255,Yellow
185,29,13,Blue
133,0,111,Purple
254,51,18,Blue
23,2,21,Black
245,229,255,White
234,85,197,Violet
37,243,57,Green
236,232,253,White
227,246,227,White
3,150,249,Orange
28,147,255,Orange
0,212,214,Yellow
0,248,0,Green
8,0,28,Black
227,236,248,White
7,0,255,Red
17,143,255,Orange
201,80,206,Violet
146,18,62,Indigo
208,120,195,Violet
232,111,207,Violet
111,10,137,Purple
204,34,1,Blue
238,118,185,Violet
235,228,228,White
1,17,17,Black
0,221,229,Yellow
23,142,255,Orange
0,143,238,Orange
0,140,250,Orange
23,151,248,Orange
121,0,73,Indigo
123,12,118,Purple
206,88,212,Violet
241,238,229,White
227,229,233,White
53,222,0,Green
0,10,251,Red
247,246,251,White
204,102,207,Violet
238,38,57,Blue
217,100,204,Violet
123,0,125,Purple
12,22,1,Black
113,0,124,Purple
210,96,204,Violet
29,20,3,Black
0,224,45,Green
206,114,193,Violet
251,243,239,White
200,88,202,Violet
23,19,30,Black
32,255,242,Yellow
12,1,246,Red
20,13,244,Red
9,9,253,Red
0,144,251,Orange
14,14,17,Black
17,30,25,Black
129,0,56,Indigo
46,207,33,Green
7,7,255,Red
0,129,255,Orange
122,0,83,Indigo
210,85,189,Violet
20,128,238,Orange
28,6,25,Black
0,129,251,Orange
194,44,15,Blue
138,15,135,Purple
210,88,186,Violet
7,8,255,Red
6,22,21,Black
131,7,67,Indigo
231,230,226,White
112,18,147,Purple
123,20,135,Purple
16,2,247,Red
12,7,22,Black
0,234,255,Yellow
128,0,118,Purple
0,122,255,Orange
17,7,21,Black
31,199,22,Green
230,238,249,White
2,17,234,Red
234,0,0,Blue
14,18,241,Red
226,89,209,Violet
16,20,236,Red
1,154,252,Orange
136,0,95,Indigo
225,120,202,Violet
0,235,37,Green
247,231,234,White
1,243,50,Green
9,10,255,Red
249,254,228,White
39,183,35,Green
238,46,24,Blue
220,105,185,Violet
35,214,255,Yellow
237,109,197,Violet
9,0,250,Red
32,206,8,Green
12,11,243,Red
249,250,239,White
51,202,46,Green
0,232,212,Yellow
0,128,255,Orange
3,9,241,Red
237,233,246,White
0,243,21,Green
22,17,22,Black
5,197,19,Green
25,152,255,Orange
249,243,229,White
9,26,30,Black
18,128,239,Orange
147,0,60,Indigo
199,42,5,Blue
19,223,248,Yellow
33,197,0,Green
18,14,238,Red
15,6,230,Red
193,36,0,Blue
39,238,48,Green
210,91,205,Violet
240,31,37,Blue
245,253,248,White
9,159,251,Orange
14,122,235,Orange
5,140,255,Orange
250,0,0,Blue
207,0,12,Blue
230,85,186,Violet
27,160,255,Orange
24,13,8,Black
142,0,66,Indigo
27,19,15,Black
4,0,18,Black
30,235,211,Yellow
0,144,243,Orange
135,16,78,Indigo
230,105,186,Violet
0,185,1,Green
53,196,0,Green
121,0,86,Indigo
130,0,70,Indigo
7,14,239,Red
18,3,248,Red
34,234,54,Green
34,207,0,Green
17,12,244,Red
11,30,30,Black
16,248,255,Yellow
60,237,14,Green
2,159,242,Orange
20,1,230,Red
146,0,110,Purple
148,0,111,Purple
38,249,37,Green
214,43,31,Blue
44,220,6,Green
12,17,6,Black
236,228,232,White
255,0,0,Blue
12,0,1,Black
133,18,123,Purple
254,0,60,Blue
18,25,6,Black
17,247,16,Green
2,13,1,Black
0,142,255,Orange
144,14,78,Indigo
18,127,254,Orange
30,13,12,Black
22,220,234,Yellow
12,14,241,Red
29,12,23,Black
237,93,190,Violet
10,158,247,Orange
24,0,13,Black
29,255,227,Yellow
228,234,231,White
253,230,234,White
4,126,255,Orange
248,255,225,White
3,1,29,Black
228,253,248,White
6,4,255,Red
17,6,240,Red
203,51,46,Blue
115,0,115,Purple
2,160,237,Orange
0,15,247,Red
229,91,208,Violet
43,239,60,Green
19,18,235,Red
10,211,215,Yellow
4,8,255,Red
148,13,89,Indigo
127,0,76,Indigo
1,11,245,Red
136,0,144,Purple
126,18,59,Indigo
14,129,246,Orange
13,8,13,Black
227,245,246,White
235,250,225,White
131,0,57,Indigo
7,20,248,Red
148,7,57,Indigo
33,232,255,Yellow
20,9,15,Black
16,148,255,Orange
5,218,0,Green
141,0,74,Indigo
142,13,144,Purple
238,93,195,Violet
13,126,254,Orange
0,231,215,Yellow
7,152,255,Orange
134,0,130,Purple
252,233,254,White
40,203,0,Green
21,215,0,Green
133,9,141,Purple
192,39,55,Blue
53,224,56,Green
40,231,0,Green
60,214,0,Green
12,11,239,Red
204,102,206,Violet
246,243,249,White
120,0,74,Indigo
0,153,248,Orange
122,9,58,Indigo
239,56,59,Blue
36,255,214,Yellow
48,225,3,Green
6,6,21,Black
232,0,0,Blue
203,50,41,Blue
41,229,3,Green
28,242,234,Yellow
144,0,132,Purple
21,234,8,Green
21,222,241,Yellow
20,6,239,Red
32,229,19,Green
248,248,226,White
26,124,255,Orange
247,16,15,Blue
216,7,0,Blue
10,235,255,Yellow
4,18,10,Black
249,244,245,White
232,0,29,Blue
231,239,251,White
17,138,255,Orange
4,29,30,Black
30,184,14,Green
18,236,222,Yellow
227,118,208,Violet
27,19,4,Black
0,255,242,Yellow
254,252,249,White
10,4,236,Red
11,125,255,Orange
7,223,52,Green
229,87,219,Violet
246,226,231,White
254,250,225,White
19,28,11,Black
229,53,37,Blue
25,27,2,Black
10,132,255,Orange
0,199,23,Green
228,120,191,Violet
7,10,254,Red
210,80,213,Violet
255,252,249,White
3,1,254,Red
25,158,255,Orange
129,0,121,Purple
202,43,13,Blue
23,17,10,Black
137,0,134,Purple
255,22,0,Blue
131,0,79,Indigo
207,105,189,Violet
5,16,245,Red
18,16,25,Black
254,231,238,White
3,6,241,Red
13,14,243,Red
200,113,198,Violet
12,1,231,Red
120,0,121,Purple
231,245,248,White
234,84,200,Violet
4,20,234,Red
3,8,21,Black
187,38,0,Blue
2,232,33,Green
8,8,12,Black
125,5,129,Purple
4,17,28,Black
7,1,248,Red
3,149,253,Orange
17,126,244,Orange
16,21,25,Black
237,226,252,White
26,7,11,Black
28,5,14,Black
17,13,233,Red
29,28,19,Black
0,219,255,Yellow
255,229,232,White
26,23,15,Black
203,0,48,Blue
251,241,249,White
224,0,19,Blue
4,12,7,Black
148,0,110,Purple
8,20,246,Red
0,17,241,Red
251,226,239,White
40,250,237,Yellow
24,28,3,Black
14,255,211,Yellow
29,22,22,Black
41,253,21,Green
4,6,239,Red
129,16,70,Indigo
53,181,43,Green
28,217,255,Yellow
15,10,232,Red
233,236,237,White
19,10,243,Red
129,0,84,Indigo
27,7,27,Black
8,10,255,Red
215,82,198,Violet
15,143,243,Orange
207,27,31,Blue
12,127,241,Orange
234,103,180,Violet
16,2,250,Red
9,243,255,Yellow
247,249,228,White
0,211,255,Yellow
148,0,134,Purple
240,82,217,Violet
224,120,185,Violet
3,0,247,Red
197,37,32,Blue
26,211,249,Yellow
0,120,251,Orange
219,24,0,Blue
13,7,250,Red
14,15,30,Black
34,231,255,Yellow
230,245,231,White
28,16,26,Black
244,0,30,Blue
7,13,238,Red
139,16,122,Purple
228,97,210,Violet
6,3,242,Red
7,145,240,Orange
231,7,59,Blue
145,0,74,Indigo
16,25,20,Black
17,2,250,Red
54,181,17,Green
218,0,57,Blue
236,239,244,White
236,238,242,White
21,244,49,Green
5,10,13,Black
231,5,30,Blue
45,253,6,Green
230,243,229,White
238,239,254,White
251,249,226,White
20,12,239,Red
59,190,0,Green
201,89,182,Violet
30,215,255,Yellow
23,212,21,Green
118,6,144,Purple
22,120,255,Orange
139,19,70,Indigo
9,233,18,Green
237,98,205,Violet
30,255,251,Yellow
9,23,17,Black
27,27,2,Black
233,105,189,Violet
140,11,143,Purple
236,100,208,Violet
140,1,142,Purple
124,0,77,Indigo
0,28,3,Black
252,254,228,White
16,3,250,Red
246,22,57,Blue
226,24,6,Blue
122,0,114,Purple
220,0,0,Blue
0,255,220,Yellow
121,0,69,Indigo
253,248,233,White
119,15,94,Indigo
15,255,251,Yellow
128,0,138,Purple
39,201,27,Green
0,127,255,Orange
244,242,233,White
4,148,240,Orange
32,254,255,Yellow
0,238,1,Green
251,240,233,White
192,14,4,Blue
2,124,244,Orange
226,50,36,Blue
0,128,239,Orange
29,29,15,Black
10,220,242,Yellow
236,225,227,White
20,2,1,Black
30,184,0,Green
223,82,214,Violet
21,1,12,Black
211,90,216,Violet
245,248,235,White
17,16,231,Red
0,255,233,Yellow
192,21,10,Blue
18,21,1,Black
0,140,255,Orange
17,15,240,Red
0,185,23,Green
133,1,111,Purple
126,0,84,Indigo
234,104,205,Violet
204,0,53,Blue
53,207,11,Green
0,1,251,Red
20,20,29,Black
20,150,255,Orange
19,157,249,Orange
125,0,143,Purple
15,2,241,Red
142,0,146,Purple
138,18,64,Indigo
5,1,255,Red
226,38,0,Blue
15,221,255,Yellow
241,226,231,White
0,200,30,Green
0,122,254,Orange
240,89,184,Violet
225,108,216,Violet
122,14,68,Indigo
0,132,242,Orange
16,17,246,Red
121,10,67,Indigo
26,255,214,Yellow
126,6,58,Indigo
20,19,245,Red
15,12,248,Red
254,243,253,White
7,2,12,Black
23,255,238,Yellow
0,255,47,Green
30,129,252,Orange
14,12,25,Black
31,251,230,Yellow
44,255,24,Green
5,23,1,Black
0,203,0,Green
25,121,255,Orange
253,250,252,White
0,135,253,Orange
15,201,0,Green
146,0,67,Indigo
231,25,57,Blue
130,2,131,Purple
6,144,255,Orange
237,12,35,Blue
144,6,83,Indigo
24,132,255,Orange
16,154,255,Orange
12,1,13,Black
0,180,45,Green
21,28,17,Black
7,16,27,Black
11,233,210,Yellow
0,133,237,Orange
20,21,6,Black
12,187,44,Green
255,6,0,Blue
142,19,131,Purple
8,10,255,Red
4,13,238,Red
127,13,128,Purple
237,15,42,Blue
146,5,132,Purple
14,16,9,Black
40,255,236,Yellow
253,252,226,White
6,1,255,Red
131,0,130,Purple
1,16,19,Black
191,58,13,Blue
211,107,189,Violet
2,3,239,Red
247,238,229,White
205,112,186,Violet
0,138,255,Orange
214,112,180,Violet
233,234,245,White
129,17,118,Purple
17,255,221,Yellow
222,89,204,Violet
227,82,196,Violet
204,30,42,Blue
23,24,19,Black
231,119,197,Violet
232,238,228,White
115,0,136,Purple
29,141,255,Orange
10,30,6,Black
245,59,0,Blue
40,234,26,Green
204,11,0,Blue
147,19,67,Indigo
117,0,142,Purple
27,214,210,Yellow
220,81,204,Violet
21,255,255,Yellow
10,16,13,Black
8,11,2,Black
129,0,125,Purple
0,241,255,Yellow
25,219,255,Yellow
24,11,23,Black
233,243,254,White
1,7,234,Red
0,141,249,Orange
17,213,26,Green
22,210,221,Yellow
29,11,21,Black
11,17,230,Red
116,16,88,Indigo
59,246,5,Green
2,128,240,Orange
33,255,223,Yellow
230,56,28,Blue
16,7,30,Black
245,238,248,White
16,15,236,Red
119,3,86,Indigo
7,8,250,Red
9,148,235,Orange
15,12,236,Red
15,9,245,Red
25,145,254,Orange
138,11,74,Indigo
219,0,50,Blue
240,226,235,White
21,30,11,Black
110,13,128,Purple
5,22,28,Black
24,122,246,Orange
25,145,237,Orange
3,20,9,Black
239,227,230,White
28,225,225,Yellow
6,9,239,Red
220,30,0,Blue
36,255,222,Yellow
188,54,51,Blue
125,0,141,Purple
121,12,56,Indigo
12,22,10,Black
227,230,232,White
210,37,55,Blue
6,14,26,Black
13,218,0,Green
9,25,20,Black
203,111,184,Violet
0,16,233,Red
0,229,38,Green
15,231,241,Yellow
225,19,0,Blue
113,0,130,Purple
20,13,233,Red
12,15,241,Red
201,81,204,Violet
24,221,4,Green
16,3,5,Black
7,136,243,Orange
10,13,250,Red
224,40,19,Blue
245,232,240,White
240,248,233,White
201,112,198,Violet
131,5,84,Indigo
13,8,8,Black
230,98,192,Violet
2,3,9,Black
3,181,0,Green
0,244,255,Yellow
251,35,14,Blue
22,236,217,Yellow
11,224,0,Green
19,144,255,Orange
3,184,0,Green
17,157,245,Orange
4,7,4,Black
5,210,218,Yellow
143,9,141,Purple
134,11,139,Purple
230,238,227,White
6,0,27,Black
112,0,80,Indigo
0,224,251,Yellow
4,134,255,Orange
245,8,57,Blue
130,0,145,Purple
144,0,62,Indigo
20,128,247,Orange
39,187,0,Green
213,116,219,Violet
132,10,140,Purple
17,255,241,Yellow
0,180,40,Green
59,207,28,Green
229,238,250,White
216,54,18,Blue
12,2,242,Red
203,110,208,Violet
129,5,92,Indigo
18,11,233,Red
22,137,240,Orange
4,13,231,Red
22,7,0,Black
